{"train/box_loss": 1.10688, "train/cls_loss": 0.54032, "train/dfl_loss": 1.03715, "_timestamp": 1715166211.4391541, "lr/pg0": 0.0001190000000000001, "lr/pg1": 0.0001190000000000001, "lr/pg2": 0.0001190000000000001, "metrics/precision(B)": 0.8950374574823422, "metrics/recall(B)": 0.8052238081367123, "metrics/mAP50(B)": 0.878635005295492, "metrics/mAP50-95(B)": 0.5855831684784488, "val/box_loss": 1.14986, "val/cls_loss": 0.54091, "val/dfl_loss": 1.0589, "labels": {"_type": "image-file", "sha256": "53a7c597fcc8fa254ecb313ccd990e6b5967f086fe3333ae15621de2eb2af73f", "size": 187788, "path": "media/images/labels_1_53a7c597fcc8fa254ecb.jpg", "format": "jpg", "width": 1600, "height": 1600}, "train_batch0": {"_type": "image-file", "sha256": "f940c106b819fa5b1052695d06386411b885c759279af5ff1643fd761268e47f", "size": 653717, "path": "media/images/train_batch0_1_f940c106b819fa5b1052.jpg", "format": "jpg", "width": 1920, "height": 1920}, "train_batch1": {"_type": "image-file", "sha256": "08b5fd622d9acb0b3659b8c55443cbd9dbe3eb14e30aae083c316245c038b6f5", "size": 526393, "path": "media/images/train_batch1_1_08b5fd622d9acb0b3659.jpg", "format": "jpg", "width": 1920, "height": 1920}, "train_batch2": {"_type": "image-file", "sha256": "aac74028a2ece2b089663db4f2c9ef6ce6d3afa7f53c8672519af9dd3fdf80b2", "size": 566691, "path": "media/images/train_batch2_1_aac74028a2ece2b08966.jpg", "format": "jpg", "width": 1920, "height": 1920}, "model/parameters": 3011043, "model/GFLOPs": 8.194, "model/speed_PyTorch(ms)": 1.735, "_runtime": 4554.732554197311, "_step": 20, "train_batch8370": {"_type": "image-file", "sha256": "33075f4c677ee2feb5a150a8178a155645fcfb5528718f0ef2cf05a0ae1ebee5", "size": 488879, "path": "media/images/train_batch8370_11_33075f4c677ee2feb5a1.jpg", "format": "jpg", "width": 1920, "height": 1920}, "train_batch8372": {"_type": "image-file", "sha256": "97beb32c87347f9cbbca65da354aeab4885f85b8ccea6c2cb25965726de19652", "size": 464810, "path": "media/images/train_batch8372_11_97beb32c87347f9cbbca.jpg", "format": "jpg", "width": 1920, "height": 1920}, "train_batch8371": {"_type": "image-file", "sha256": "bab1e44cf871591c21881d86a4343c80bf329e23bb3530cd035bdcbf9a4ae2f1", "size": 469144, "path": "media/images/train_batch8371_11_bab1e44cf871591c2188.jpg", "format": "jpg", "width": 1920, "height": 1920}, "_wandb": {"runtime": 4552}, "val_batch0_pred": {"_type": "image-file", "sha256": "bdfb3a40542829c8cfde74ce25725b4cd27e07c6461c928d02a070b9574b41c6", "size": 369234, "path": "media/images/val_batch0_pred_20_bdfb3a40542829c8cfde.jpg", "format": "jpg", "width": 1920, "height": 1100}, "val_batch0_labels": {"_type": "image-file", "sha256": "0ce0c5004cb2879a959eeadadd66e989f2ea13b2945427a7967a2d572e8ed7aa", "size": 349388, "path": "media/images/val_batch0_labels_20_0ce0c5004cb2879a959e.jpg", "format": "jpg", "width": 1920, "height": 1100}, "val_batch1_labels": {"_type": "image-file", "sha256": "3431c714c1437f17a5a73a5f268b10826df850ea38ef6f358587befe65557742", "size": 421806, "path": "media/images/val_batch1_labels_20_3431c714c1437f17a5a7.jpg", "format": "jpg", "width": 1920, "height": 1100}, "val_batch1_pred": {"_type": "image-file", "sha256": "48e20e15d476a07324a1fcbed50e70d20335fb6815e2386238038ac2f990fbee", "size": 431226, "path": "media/images/val_batch1_pred_20_48e20e15d476a07324a1.jpg", "format": "jpg", "width": 1920, "height": 1100}, "val_batch2_labels": {"_type": "image-file", "sha256": "17ff2b82331fed2cce712fbc3a74d61ae7b8ad7de414a7ea4c1c8568bff4dbf1", "size": 401576, "path": "media/images/val_batch2_labels_20_17ff2b82331fed2cce71.jpg", "format": "jpg", "width": 1920, "height": 1192}, "val_batch2_pred": {"_type": "image-file", "sha256": "12bfb711b0eae2af0b4d3c4bdf1f776a655ad05e7c910dc635a15b19554a38d9", "size": 412252, "path": "media/images/val_batch2_pred_20_12bfb711b0eae2af0b4d.jpg", "format": "jpg", "width": 1920, "height": 1192}, "PR_curve": {"_type": "image-file", "sha256": "c324f30117807668f4cc7ce372984b58f67b5648e51e1b68b7b561d0b89b56df", "size": 91827, "path": "media/images/PR_curve_20_c324f30117807668f4cc.png", "format": "png", "width": 2250, "height": 1500}, "F1_curve": {"_type": "image-file", "sha256": "4e8cbedba03119e3a8cdce29ee5a79eb62099b26f469c2d79f21dd8dade8fb30", "size": 97670, "path": "media/images/F1_curve_20_4e8cbedba03119e3a8cd.png", "format": "png", "width": 2250, "height": 1500}, "P_curve": {"_type": "image-file", "sha256": "4c334b3d5ccfe5f2c0b28d9443a5c4e89119ffd96958f83a1e6dcf8874a31c8a", "size": 90881, "path": "media/images/P_curve_20_4c334b3d5ccfe5f2c0b2.png", "format": "png", "width": 2250, "height": 1500}, "R_curve": {"_type": "image-file", "sha256": "d6fd9c8a8ba847dcda66df4efdbc1a7a7e4590863f672d9fed5da88ebc0cae6c", "size": 96850, "path": "media/images/R_curve_20_d6fd9c8a8ba847dcda66.png", "format": "png", "width": 2250, "height": 1500}, "confusion_matrix_normalized": {"_type": "image-file", "sha256": "7427418ddb29b754ca0182898326318d974b02409be58a77de929ac752724a79", "size": 89860, "path": "media/images/confusion_matrix_normalized_20_7427418ddb29b754ca01.png", "format": "png", "width": 3000, "height": 2250}, "confusion_matrix": {"_type": "image-file", "sha256": "7526e8f87363ebb0ba4f5f77ff8d3d6879786a05809528d1b4f34a15703fed11", "size": 102510, "path": "media/images/confusion_matrix_20_7526e8f87363ebb0ba4f.png", "format": "png", "width": 3000, "height": 2250}, "results": {"_type": "image-file", "sha256": "88d7a4d1a5a9fa2eb8cabad6d069af27f7f76785382b6ee717bf6ef77c01eb6d", "size": 282207, "path": "media/images/results_20_88d7a4d1a5a9fa2eb8ca.png", "format": "png", "width": 2400, "height": 1200}, "curves/Precision-Recall(B)_table": {"_type": "table-file", "sha256": "567ec742814a373696e796b6205277fa5063090e1f053da36101f778e5e4199d", "size": 4762, "artifact_path": "wandb-client-artifact://jlnriw64riudutwdn04ban6xggj84utlhz2tpl8cmkyxgk4j5tkiprcqxh15po1nvi21936iu0ppegstwxmemqjy58bk7sbavn45rwruds77to6bau7tn7k0s6lqqxji:latest/curves/Precision-Recall(B)_table.table.json", "_latest_artifact_path": "wandb-client-artifact://jlnriw64riudutwdn04ban6xggj84utlhz2tpl8cmkyxgk4j5tkiprcqxh15po1nvi21936iu0ppegstwxmemqjy58bk7sbavn45rwruds77to6bau7tn7k0s6lqqxji:latest/curves/Precision-Recall(B)_table.table.json", "path": "media/table/curves/Precision-Recall(B)_table_20_567ec742814a373696e7.table.json", "ncols": 3, "nrows": 200}, "curves/F1-Confidence(B)_table": {"_type": "table-file", "sha256": "c8e86cca1350a587e74c294990ac2f7d7862ca31be226514d2532989835c73fe", "size": 4780, "artifact_path": "wandb-client-artifact://frw28nljvjizlxhtqzi5szneebq1ttyywb7o1p6xrc2jb6klxr9ji5ybmwtdk999ts7yp9g8mmjvsdoqladfn5zcfqcreonv8s5vebchp84kbm4io6ajxp9brbrkk3as:latest/curves/F1-Confidence(B)_table.table.json", "_latest_artifact_path": "wandb-client-artifact://frw28nljvjizlxhtqzi5szneebq1ttyywb7o1p6xrc2jb6klxr9ji5ybmwtdk999ts7yp9g8mmjvsdoqladfn5zcfqcreonv8s5vebchp84kbm4io6ajxp9brbrkk3as:latest/curves/F1-Confidence(B)_table.table.json", "path": "media/table/curves/F1-Confidence(B)_table_20_c8e86cca1350a587e74c.table.json", "ncols": 3, "nrows": 200}, "curves/Precision-Confidence(B)_table": {"_type": "table-file", "sha256": "e383227b4aaa9481f1d05275ccf2d5660d5fceadee6bab3c73f470d0ddb79533", "size": 4744, "artifact_path": "wandb-client-artifact://qb8dp1d4dmsp53iyv2424c5vx9mkvaef1qy2c7k2x4fzlqdsgsxcgmpex9szad47fn8z48r6dugo0roxvzjiinvolikbfd5n7pow2y74fa89faz6scm8utcwlkzschgn:latest/curves/Precision-Confidence(B)_table.table.json", "_latest_artifact_path": "wandb-client-artifact://qb8dp1d4dmsp53iyv2424c5vx9mkvaef1qy2c7k2x4fzlqdsgsxcgmpex9szad47fn8z48r6dugo0roxvzjiinvolikbfd5n7pow2y74fa89faz6scm8utcwlkzschgn:latest/curves/Precision-Confidence(B)_table.table.json", "path": "media/table/curves/Precision-Confidence(B)_table_20_e383227b4aaa9481f1d0.table.json", "ncols": 3, "nrows": 200}, "curves/Recall-Confidence(B)_table": {"_type": "table-file", "sha256": "cb383725e26c1c16abd1d2c7c5c25eae203b502d62536c639c7dfb201715043a", "size": 4772, "artifact_path": "wandb-client-artifact://d3g9a0p3n586fzvuqcethzkjb467hoao3hxd3nenakk5w87cvhgjktc4ssw7q9i30fikn2i073rrjmvj0501nmd6n50lmwg8v4jql38hia63y7hm13qyatc4jdgeo1er:latest/curves/Recall-Confidence(B)_table.table.json", "_latest_artifact_path": "wandb-client-artifact://d3g9a0p3n586fzvuqcethzkjb467hoao3hxd3nenakk5w87cvhgjktc4ssw7q9i30fikn2i073rrjmvj0501nmd6n50lmwg8v4jql38hia63y7hm13qyatc4jdgeo1er:latest/curves/Recall-Confidence(B)_table.table.json", "path": "media/table/curves/Recall-Confidence(B)_table_20_cb383725e26c1c16abd1.table.json", "ncols": 3, "nrows": 200}}