{
    "os": "Linux-5.15.133+-x86_64-with-glibc2.35",
    "python": "3.10.12",
    "heartbeatAt": "2024-05-08T09:47:38.664688",
    "startedAt": "2024-05-08T09:47:36.699347",
    "docker": null,
    "cuda": null,
    "args": [],
    "state": "running",
    "program": "kaggle.ipynb",
    "codePathLocal": null,
    "root": "/kaggle/working",
    "host": "c1dda967947b",
    "username": "root",
    "executable": "/opt/conda/bin/python3.10",
    "cpu_count": 2,
    "cpu_count_logical": 4,
    "cpu_freq": {
        "current": 2000.186,
        "min": 0.0,
        "max": 0.0
    },
    "cpu_freq_per_core": [
        {
            "current": 2000.186,
            "min": 0.0,
            "max": 0.0
        },
        {
            "current": 2000.186,
            "min": 0.0,
            "max": 0.0
        },
        {
            "current": 2000.186,
            "min": 0.0,
            "max": 0.0
        },
        {
            "current": 2000.186,
            "min": 0.0,
            "max": 0.0
        }
    ],
    "disk": {
        "/": {
            "total": 8062.387607574463,
            "used": 5597.80797958374
        }
    },
    "gpu": "Tesla P100-PCIE-16GB",
    "gpu_count": 1,
    "gpu_devices": [
        {
            "name": "Tesla P100-PCIE-16GB",
            "memory_total": 17179869184
        }
    ],
    "memory": {
        "total": 31.357559204101562
    }
}
